{"btc":1495.1333333333334,"bns":0.0006688366700851652}